{
	"format_version": "1.21.11",
	"credit": "Made with Blockbench",
	"textures": {
		"layer0": "scorchsmp:item/strong_sword_texture",
		"particle": "texture"
	},
	"elements": [
		{
			"from": [0.75, 0.25, 22],
			"to": [2, 1.75, 25],
			"rotation": {"x": 0, "y": 90, "z": 0, "origin": [0, 0, 9]},
			"faces": {
				"north": {"uv": [0, 0, 3, 2], "texture": "#0"},
				"east": {"uv": [0, 0, 16, 2], "texture": "#0"},
				"south": {"uv": [0, 0, 3, 2], "texture": "#0"},
				"west": {"uv": [0, 0, 16, 2], "texture": "#0"},
				"up": {"uv": [0, 0, 3, 16], "texture": "#0"},
				"down": {"uv": [0, 0, 3, 16], "texture": "#0"}
			}
		},
		{
			"from": [-3.5, 0.5, 19],
			"to": [-1.5, 1.5, 25],
			"rotation": {"x": 0, "y": 90, "z": 0, "origin": [-4, 0, 9]},
			"faces": {
				"north": {"uv": [0, 0, 3, 2], "texture": "#0"},
				"east": {"uv": [0, 0, 16, 2], "texture": "#0"},
				"south": {"uv": [0, 0, 3, 2], "texture": "#0"},
				"west": {"uv": [0, 0, 16, 2], "texture": "#0"},
				"up": {"uv": [0, 0, 3, 16], "texture": "#0"},
				"down": {"uv": [0, 0, 3, 16], "texture": "#0"}
			}
		},
		{
			"from": [-2.5, 0, 23],
			"to": [1.5, 2, 24],
			"rotation": {"x": 0, "y": 90, "z": 0, "origin": [-2, 0, 9]},
			"faces": {
				"north": {"uv": [0, 0, 3, 2], "texture": "#0"},
				"east": {"uv": [0, 0, 16, 2], "texture": "#0"},
				"south": {"uv": [0, 0, 3, 2], "texture": "#0"},
				"west": {"uv": [0, 0, 16, 2], "texture": "#0"},
				"up": {"uv": [0, 0, 3, 16], "texture": "#0"},
				"down": {"uv": [0, 0, 3, 16], "texture": "#0"}
			}
		},
		{
			"from": [3, 0.5, 6.9],
			"to": [6, 1.5, 7.4],
			"rotation": {"angle": 12.5, "axis": "y", "origin": [4.25, 0, 6.75]},
			"faces": {
				"north": {"uv": [0, 0.5, 3, 1.5], "texture": "#0"},
				"east": {"uv": [1.5, 0.5, 2, 1.5], "texture": "#0"},
				"south": {"uv": [0, 0.5, 3, 1.5], "texture": "#0"},
				"west": {"uv": [0, 0.5, 0.5, 1.5], "texture": "#0"},
				"up": {"uv": [0, 0, 3, 0.5], "texture": "#0"},
				"down": {"uv": [0, 1.5, 3, 2], "texture": "#0"}
			}
		},
		{
			"from": [3.25, 0.5, 7.65],
			"to": [6.25, 1.5, 8.15],
			"rotation": {"angle": -12.5, "axis": "y", "origin": [4.5, 0, 7.5]},
			"faces": {
				"north": {"uv": [0, 0.5, 3, 1.5], "texture": "#0"},
				"east": {"uv": [1.5, 0.5, 2, 1.5], "texture": "#0"},
				"south": {"uv": [0, 0.5, 3, 1.5], "texture": "#0"},
				"west": {"uv": [0, 0.5, 0.5, 1.5], "texture": "#0"},
				"up": {"uv": [0, 0, 3, 0.5], "texture": "#0"},
				"down": {"uv": [0, 1.5, 3, 2], "texture": "#0"}
			}
		},
		{
			"from": [3.75, 0.5, 7],
			"to": [6, 1.5, 8],
			"rotation": {"angle": 0, "axis": "y", "origin": [4, 0, 6]},
			"faces": {
				"north": {"uv": [0, 0, 2, 1], "texture": "#0"},
				"east": {"uv": [2, 1, 3, 2], "texture": "#0"},
				"south": {"uv": [0, 1, 2, 2], "texture": "#0"},
				"west": {"uv": [2, 2, 3, 3], "texture": "#0"},
				"up": {"uv": [2, 3, 0, 2], "texture": "#0"},
				"down": {"uv": [4, 0, 2, 1], "texture": "#0"}
			}
		}
	],
	"display": {
		"thirdperson_righthand": {
			"rotation": [7, 0, -90],
			"translation": [7.5, 6, 2.5]
		},
		"thirdperson_lefthand": {
			"rotation": [4, 0, 90],
			"translation": [-19.5, 5.75, 2]
		},
		"firstperson_righthand": {
			"rotation": [-42, 0, -90],
			"translation": [5.75, 5.5, 0],
			"scale": [1.09, 1, 1]
		},
		"firstperson_lefthand": {
			"rotation": [-42, 0, 90],
			"translation": [-5, 4.75, -2]
		},
		"ground": {
			"rotation": [50, 9, -90],
			"translation": [6, 2, 0]
		},
		"gui": {
			"rotation": [-90, 45, 0],
			"translation": [-0.75, 1.25, -13.75],
			"scale": [1.5, 1.5, 1.5]
		},
		"head": {
			"rotation": [-90, -90, 0],
			"translation": [0, 10.75, -7.25]
		},
		"fixed": {
			"rotation": [-90, 45, 0],
			"translation": [-0.75, 1.25, -10.5],
			"scale": [1.5, 1.5, 1.5]
		},
		"on_shelf": {
			"rotation": [-90, 45, 0],
			"translation": [-0.75, 1.25, -13.75],
			"scale": [1.5, 1.5, 1.5]
		}
	}
}